{
  "ABIRoot": {
    "kind": "Root",
    "name": "ZIAMCryptWrapper",
    "printedName": "ZIAMCryptWrapper",
    "children": [
      {
        "kind": "Import",
        "name": "Foundation",
        "printedName": "Foundation",
        "declKind": "Import",
        "moduleName": "ZIAMCryptWrapper",
        "declAttributes": [
          "RawDocComment"
        ]
      },
      {
        "kind": "Import",
        "name": "ZIAMCrypt",
        "printedName": "ZIAMCrypt",
        "declKind": "Import",
        "moduleName": "ZIAMCryptWrapper"
      },
      {
        "kind": "TypeDecl",
        "name": "ZIAMCryptWrapper",
        "printedName": "ZIAMCryptWrapper",
        "children": [
          {
            "kind": "Var",
            "name": "ziamCrypt",
            "printedName": "ziamCrypt",
            "children": [
              {
                "kind": "TypeNominal",
                "name": "ZIAMCrypt",
                "printedName": "ZIAMCrypt.ZIAMCrypt",
                "usr": "s:9ZIAMCryptAAC"
              }
            ],
            "declKind": "Var",
            "usr": "s:16ZIAMCryptWrapperAAC9ziamCrypt0A0ADCvp",
            "mangledName": "$s16ZIAMCryptWrapperAAC9ziamCrypt0A0ADCvp",
            "moduleName": "ZIAMCryptWrapper",
            "declAttributes": [
              "Final",
              "HasStorage",
              "AccessControl"
            ],
            "isLet": true,
            "hasStorage": true,
            "accessors": [
              {
                "kind": "Accessor",
                "name": "Get",
                "printedName": "Get()",
                "children": [
                  {
                    "kind": "TypeNominal",
                    "name": "ZIAMCrypt",
                    "printedName": "ZIAMCrypt.ZIAMCrypt",
                    "usr": "s:9ZIAMCryptAAC"
                  }
                ],
                "declKind": "Accessor",
                "usr": "s:16ZIAMCryptWrapperAAC9ziamCrypt0A0ADCvg",
                "mangledName": "$s16ZIAMCryptWrapperAAC9ziamCrypt0A0ADCvg",
                "moduleName": "ZIAMCryptWrapper",
                "implicit": true,
                "declAttributes": [
                  "Final"
                ],
                "accessorKind": "get"
              }
            ]
          },
          {
            "kind": "Constructor",
            "name": "init",
            "printedName": "init(publicKeyTag:privateKeyTag:serverPublicKeyTag:rsakeySize:)",
            "children": [
              {
                "kind": "TypeNominal",
                "name": "ZIAMCryptWrapper",
                "printedName": "ZIAMCryptWrapper.ZIAMCryptWrapper",
                "usr": "c:@M@ZIAMCryptWrapper@objc(cs)ZIAMCryptWrapper"
              },
              {
                "kind": "TypeNominal",
                "name": "String",
                "printedName": "Swift.String",
                "usr": "s:SS"
              },
              {
                "kind": "TypeNominal",
                "name": "String",
                "printedName": "Swift.String",
                "usr": "s:SS"
              },
              {
                "kind": "TypeNominal",
                "name": "String",
                "printedName": "Swift.String",
                "usr": "s:SS"
              },
              {
                "kind": "TypeNominal",
                "name": "Int",
                "printedName": "Swift.Int",
                "usr": "s:Si"
              }
            ],
            "declKind": "Constructor",
            "usr": "c:@M@ZIAMCryptWrapper@objc(cs)ZIAMCryptWrapper(im)initWithPublicKeyTag:privateKeyTag:serverPublicKeyTag:rsakeySize:",
            "mangledName": "$s16ZIAMCryptWrapperAAC12publicKeyTag07privatedE0012serverPublicdE010rsakeySizeABSS_S2SSitcfc",
            "moduleName": "ZIAMCryptWrapper",
            "objc_name": "initWithPublicKeyTag:privateKeyTag:serverPublicKeyTag:rsakeySize:",
            "declAttributes": [
              "AccessControl",
              "ObjC"
            ],
            "init_kind": "Designated"
          },
          {
            "kind": "Function",
            "name": "getConfig",
            "printedName": "getConfig(publicKeyTag:privateKeyTag:serverPublicKeyTag:)",
            "children": [
              {
                "kind": "TypeNominal",
                "name": "ZIAMCrypt",
                "printedName": "ZIAMCrypt.ZIAMCrypt",
                "usr": "s:9ZIAMCryptAAC"
              },
              {
                "kind": "TypeNominal",
                "name": "String",
                "printedName": "Swift.String",
                "usr": "s:SS"
              },
              {
                "kind": "TypeNominal",
                "name": "String",
                "printedName": "Swift.String",
                "usr": "s:SS"
              },
              {
                "kind": "TypeNominal",
                "name": "String",
                "printedName": "Swift.String",
                "usr": "s:SS"
              }
            ],
            "declKind": "Func",
            "usr": "s:16ZIAMCryptWrapperAAC9getConfig12publicKeyTag07privatefG0012serverPublicfG00A0AGCSS_S2StFZ",
            "mangledName": "$s16ZIAMCryptWrapperAAC9getConfig12publicKeyTag07privatefG0012serverPublicfG00A0AGCSS_S2StFZ",
            "moduleName": "ZIAMCryptWrapper",
            "static": true,
            "declAttributes": [
              "Final",
              "AccessControl"
            ],
            "funcSelfKind": "NonMutating"
          },
          {
            "kind": "Constructor",
            "name": "init",
            "printedName": "init()",
            "children": [
              {
                "kind": "TypeNominal",
                "name": "ZIAMCryptWrapper",
                "printedName": "ZIAMCryptWrapper.ZIAMCryptWrapper",
                "usr": "c:@M@ZIAMCryptWrapper@objc(cs)ZIAMCryptWrapper"
              }
            ],
            "declKind": "Constructor",
            "usr": "c:@M@ZIAMCryptWrapper@objc(cs)ZIAMCryptWrapper(im)init",
            "mangledName": "$s16ZIAMCryptWrapperAACABycfc",
            "moduleName": "ZIAMCryptWrapper",
            "overriding": true,
            "implicit": true,
            "objc_name": "init",
            "declAttributes": [
              "Dynamic",
              "ObjC",
              "Override"
            ],
            "init_kind": "Designated"
          }
        ],
        "declKind": "Class",
        "usr": "c:@M@ZIAMCryptWrapper@objc(cs)ZIAMCryptWrapper",
        "mangledName": "$s16ZIAMCryptWrapperAAC",
        "moduleName": "ZIAMCryptWrapper",
        "declAttributes": [
          "AccessControl",
          "ObjCMembers",
          "ObjC"
        ],
        "superclassUsr": "c:objc(cs)NSObject",
        "superclassNames": [
          "ObjectiveC.NSObject"
        ],
        "conformances": [
          {
            "kind": "Conformance",
            "name": "Copyable",
            "printedName": "Copyable",
            "usr": "s:s8CopyableP",
            "mangledName": "$ss8CopyableP"
          },
          {
            "kind": "Conformance",
            "name": "Escapable",
            "printedName": "Escapable",
            "usr": "s:s9EscapableP",
            "mangledName": "$ss9EscapableP"
          },
          {
            "kind": "Conformance",
            "name": "Equatable",
            "printedName": "Equatable",
            "usr": "s:SQ",
            "mangledName": "$sSQ"
          },
          {
            "kind": "Conformance",
            "name": "Hashable",
            "printedName": "Hashable",
            "usr": "s:SH",
            "mangledName": "$sSH"
          },
          {
            "kind": "Conformance",
            "name": "CVarArg",
            "printedName": "CVarArg",
            "usr": "s:s7CVarArgP",
            "mangledName": "$ss7CVarArgP"
          },
          {
            "kind": "Conformance",
            "name": "_KeyValueCodingAndObservingPublishing",
            "printedName": "_KeyValueCodingAndObservingPublishing",
            "usr": "s:10Foundation37_KeyValueCodingAndObservingPublishingP",
            "mangledName": "$s10Foundation37_KeyValueCodingAndObservingPublishingP"
          },
          {
            "kind": "Conformance",
            "name": "_KeyValueCodingAndObserving",
            "printedName": "_KeyValueCodingAndObserving",
            "usr": "s:10Foundation27_KeyValueCodingAndObservingP",
            "mangledName": "$s10Foundation27_KeyValueCodingAndObservingP"
          },
          {
            "kind": "Conformance",
            "name": "CustomStringConvertible",
            "printedName": "CustomStringConvertible",
            "usr": "s:s23CustomStringConvertibleP",
            "mangledName": "$ss23CustomStringConvertibleP"
          },
          {
            "kind": "Conformance",
            "name": "CustomDebugStringConvertible",
            "printedName": "CustomDebugStringConvertible",
            "usr": "s:s28CustomDebugStringConvertibleP",
            "mangledName": "$ss28CustomDebugStringConvertibleP"
          }
        ]
      }
    ],
    "json_format_version": 8
  },
  "ConstValues": []
}